unique_ids,logprob,naive_seq,cyst_position,errors
-264892738845860700,-303.02056884765625,NNNNNNGAGGTGCAGCTGTTGGAGTCTGGGGGAGGCTTGGTACAGCCTGGGGGGTCCCTGAGACTCTCCTGTGCAGCCTCTGGATTCACCTTTAGCAGCTATGCCATGAGCTGGGTCCGCCAGGCTCCAGGGAAGGGGCTGGAGTGGGTCTCAGCTATTAGTGGTAGTGGTGGTAGCACATACTACGCAGACTCCGTGAAGGGCCGGTTCACCATCTCCAGAGACAATTCCAAGAACACGCTGTATCTGCAAATGAACAGCCTGAGAGCCGAGGACACGGCCGTATATTACTGTGCGAAAGATGGCGGCAGGTATTACGATTTTTGGAGTGGCTACTTTGACTACTGGGGCCAGGGAACCCTGGTCACCGTCTCCTCAGNNNNNNNNNNNNNNNNNNNNNNNNNNNNNNNNNNNNNNNNNNNNNNNNNNNNNNNNN,
-264892738845860700:-4303554669605506023,-540.02593994140625,NNNNNNGAGGTGCAGCTGTTGGAGTCTGGGGGAGGCTTGGTACAGCCTGGGGGGTCCCTGAGACTCTCCTGTGCAGCCTCTGGATTCACCTTTAGCAGCTATGCCATGAGCTGGGTCCGCCAGGCTCCAGGGAAGGGGCTGGAGTGGGTCTCAGCTATTAGTGGTAGTGGTGGTAGCACATACTACGCAGACTCCGTGAAGGGCCGGTTCACCATCTCCAGAGACAATTCCAAGAACACGCTGTATCTGCAAATGAACAGCCTGAGAGCCGAGGACACGGCCGTATATTACTGTGCGAAAGATGGCGGCAGGTATTACGATTTTTGGAGTCGCTACTTTGACTACTGGGGCCAGGGAACCCTGGTCACCGTCTCCTCAGNNNNNNNNNNNNNNNNNNNNNNNNNNNNNNNNNNNNNNNNNNNNNNNNNNNNNNNNN,
-264892738845860700:-4303554669605506023:-4889089688347175145,-757.4415283203125,NNNNNNGAGGTGCAGCTGTTGGAGTCTGGGGGAGGCTTGGTACAGCCTGGGGGGTCCCTGAGACTCTCCTGTGCAGCCTCTGGATTCACCTTTAGCAGCTATGCCATGAGCTGGGTCCGCCAGGCTCCAGGGAAGGGGCTGGAGTGGGTCTCAGCTATTAGTGGTAGTGGTGGTAGCACATACTACGCAGACTCCGTGAAGGGCCGGTTCACCATCTCCAGAGACAATTCCAAGAACACGCTGTATCTGCAAATGAACAGCCTGAGAGCCGAGGACACGGCCGTATATTACTGTGCGAAAGATGGCGGCAGGTATTACGATTTTTGGAGTGGCTACTTTGACTACTGGGGCCAGGGAACCCTGGTCACCGTCTCCTCAGNNNNNNNNNNNNNNNNNNNNNNNNNNNNNNNNNNNNNNNNNNNNNNNNNNNNNNNNN,
-264892738845860700:-4303554669605506023:-4889089688347175145:-873544620832980959:5282141294685127711,-1234.7745361328125,NNNNNNGAGGTGCAGCTGTTGGAGTCTGGGGGAGGCTTGGTACAGCCTGGGGGGTCCCTGAGACTCTCCTGTGCAGCCTCTGGATTCACCTTTAGCAGCTATGCCATGAGCTGGGTCCGCCAGGCTCCAGGGAAGGGGCTGGAGTGGGTCTCAGCTATTAGTGGTAGTGGTGGTAGCACATACTACGCAGACTCCGTGAAGGGCCGGTTCACCATCTCCAGAGACAATTCCAAGAACACGCTGTATCTGCAAATGAACAGCCTGAGAGCCGAGGACACGGCCGTATATTACTGTGCGAAAGATGGCGGCAGGGATTACGATTTTTGGAGTGGCTACTTTGACTACTGGGGCCAGGGAACCCTGGTCACCGTCTCCTCAGNNNNNNNNNNNNNNNNNNNNNNNNNNNNNNNNNNNNNNNNNNNNNNNNNNNNNNNNN,
-264892738845860700:-4303554669605506023:-4889089688347175145:-873544620832980959:5282141294685127711:-8770184440289780227,-1503.918212890625,,
-264892738845860700:-4303554669605506023:-4889089688347175145:-873544620832980959:5282141294685127711:2621675304399470694,-1465.3416748046875,,
-264892738845860700:-4303554669605506023:-4889089688347175145:-873544620832980959:5282141294685127711:2821127275628210980,-1483.5242919921875,,
-264892738845860700:-4303554669605506023:-4889089688347175145:-873544620832980959:5282141294685127711:5815064660513871794,-1477.0823974609375,NNNNNNGAGGTGCAGCTGTTGGAGTCTGGGGGAGGCTTGGTACAGCCTGGGGGGTCCCTGAGACTCTCCTGTGCAGCCTCTGGATTCACCTTTAGCAGCTATGCCATGAGCTGGGTCCGCCAGGCTCCAGGGAAGGGGCTGGAGTGGGTCTCAGCTATTAGTGGTAGTGGTGGTAGCACATACTACGCAGACTCCGTGAAGGGCCGGTTCACCATCTCCAGAGACAATTCCAAGAACACGCTGTATCTGCAAATGAACAGCCTGAGAGCCGAGGACACGGCCGTATATTACTGTGCGAAAGATGGCGGCAGGGATTACGATTTTTGGAGTGGCTACTTTGACTACTGGGGCCAGGGAACCCTGGTCACCGTCTCCTCAGNNNNNNNNNNNNNNNNNNNNNNNNNNNNNNNNNNNNNNNNNNNNNNNNNNNNNNNNN,
-264892738845860700:-4303554669605506023:-4889089688347175145:-873544620832980959:5282141294685127711:5815064660513871794:-8770184440289780227,-1745.9339599609375,NNNNNNGAGGTGCAGCTGTTGGAGTCTGGGGGAGGCTTGGTACAGCCTGGGGGGTCCCTGAGACTCTCCTGTGCAGCCTCTGGATTCACCTTTAGCAGCTATGCCATGAGCTGGGTCCGCCAGGCTCCAGGGAAGGGGCTGGAGTGGGTCTCAGCTATTAGTGGTAGTGGTGGTAGCACATACTACGCAGACTCCGTGAAGGGCCGGTTCACCATCTCCAGAGACAATTCCAAGAACACGCTGTATCTGCAAATGAACAGCCTGAGAGCCGAGGACACGGCCGTATATTACTGTGCGAAAGATGGCGGCAGGGATTACGATTTTTGGAGTGGCTACTTTGACTACTGGGGCCAGGGAACCCTGGTCACCGTCTCCTCAGNNNNNNNNNNNNNNNNNNNNNNNNNNNNNNNNNNNNNNNNNNNNNNNNNNNNNNNNN,
-264892738845860700:-4303554669605506023:-4889089688347175145:-873544620832980959:5282141294685127711:5815064660513871794:-8770184440289780227:2621675304399470694,-1976.3359375,NNNNNNGAGGTGCAGCTGTTGGAGTCTGGGGGAGGCTTGGTACAGCCTGGGGGGTCCCTGAGACTCTCCTGTGCAGCCTCTGGATTCACCTTTAGCAGCTATGCCATGAGCTGGGTCCGCCAGGCTCCAGGGAAGGGGCTGGAGTGGGTCTCAGCTATTAGTGGTAGTGGTGGTAGCACATACTACGCAGACTCCGTGAAGGGCCGGTTCACCATCTCCAGAGACAATTCCAAGAACACGCTGTATCTGCAAATGAACAGCCTGAGAGCCGAGGACACGGCCGTATATTACTGTGCGAAAGATGGCGGCAGGGATTACGATTTTTGGAGTGGCTACTTTGACTACTGGGGCCAGGGAACCCTGGTCACCGTCTCCTCAGNNNNNNNNNNNNNNNNNNNNNNNNNNNNNNNNNNNNNNNNNNNNNNNNNNNNNNNNN,
-264892738845860700:-4303554669605506023:-4889089688347175145:-873544620832980959:5282141294685127711:5815064660513871794:-8770184440289780227:2621675304399470694:2821127275628210980,-2224.88037109375,NNNNNNGAGGTGCAGCTGTTGGAGTCTGGGGGAGGCTTGGTACAGCCTGGGGGGTCCCTGAGACTCTCCTGTGCAGCCTCTGGATTCACCTTTAGCAGCTATGCCATGAGCTGGGTCCGCCAGGCTCCAGGGAAGGGGCTGGAGTGGGTCTCAGCTATTAGTGGTAGTGGTGGTAGCACATACTACGCAGACTCCGTGAAGGGCCGGTTCACCATCTCCAGAGACAATTCCAAGAACACGCTGTATCTGCAAATGAACAGCCTGAGAGCCGAGGACACGGCCGTATATTACTGTGCGAAAGATGGCGGCAGGGATTACGATTTTTGGAGTGGCTACTTTGACTACTGGGGCCAGGGAACCCTGGTCACCGTCTCCTCAGNNNNNNNNNNNNNNNNNNNNNNNNNNNNNNNNNNNNNNNNNNNNNNNNNNNNNNNNN,
-264892738845860700:-4303554669605506023:-4889089688347175145:-873544620832980959:5282141294685127711:5815064660513871794:-8770184440289780227:2821127275628210980,-1994.4188232421875,NNNNNNGAGGTGCAGCTGTTGGAGTCTGGGGGAGGCTTGGTACAGCCTGGGGGGTCCCTGAGACTCTCCTGTGCAGCCTCTGGATTCACCTTTAGCAGCTATGCCATGAGCTGGGTCCGCCAGGCTCCAGGGAAGGGGCTGGAGTGGGTCTCAGCTATTAGTGGTAGTGGTGGTAGCACATACTACGCAGACTCCGTGAAGGGCCGGTTCACCATCTCCAGAGACAATTCCAAGAACACGCTGTATCTGCAAATGAACAGCCTGAGAGCCGAGGACACGGCCGTATATTACTGTGCGAAAGATGGCGGCAGGGATTACGATTTTTGGAGTGGCTACTTTGACTACTGGGGCCAGGGAACCCTGGTCACCGTCTCCTCAGNNNNNNNNNNNNNNNNNNNNNNNNNNNNNNNNNNNNNNNNNNNNNNNNNNNNNNNNN,
-264892738845860700:-4303554669605506023:-4889089688347175145:-873544620832980959:5282141294685127711:5815064660513871794:-8770184440289780227:2821127275628210980:2621675304399470694,-2224.88037109375,NNNNNNGAGGTGCAGCTGTTGGAGTCTGGGGGAGGCTTGGTACAGCCTGGGGGGTCCCTGAGACTCTCCTGTGCAGCCTCTGGATTCACCTTTAGCAGCTATGCCATGAGCTGGGTCCGCCAGGCTCCAGGGAAGGGGCTGGAGTGGGTCTCAGCTATTAGTGGTAGTGGTGGTAGCACATACTACGCAGACTCCGTGAAGGGCCGGTTCACCATCTCCAGAGACAATTCCAAGAACACGCTGTATCTGCAAATGAACAGCCTGAGAGCCGAGGACACGGCCGTATATTACTGTGCGAAAGATGGCGGCAGGGATTACGATTTTTGGAGTGGCTACTTTGACTACTGGGGCCAGGGAACCCTGGTCACCGTCTCCTCAGNNNNNNNNNNNNNNNNNNNNNNNNNNNNNNNNNNNNNNNNNNNNNNNNNNNNNNNNN,
-264892738845860700:-4303554669605506023:-4889089688347175145:-873544620832980959:5282141294685127711:5815064660513871794:2621675304399470694,-1707.4736328125,,
-264892738845860700:-4303554669605506023:-4889089688347175145:-873544620832980959:5282141294685127711:5815064660513871794:2821127275628210980,-1725.6143798828125,,
-264892738845860700:-4303554669605506023:-8770184440289780227,-813.4716796875,,
-264892738845860700:-4303554669605506023:2621675304399470694,-773.9669189453125,,
-264892738845860700:-4303554669605506023:2821127275628210980,-791.611572265625,,
-4303554669605506023,-273.483184814453125,NNNNNNGAGGTGCAGCTGTTGGAGTCTGGGGGAGGCTTGGTACAGCCTGGGGGGTCCCTGAGACTCTCCTGTGCAGCCTCTGGATTCACCTTTAGCAGCTATGCCATGAGCTGGGTCCGCCAGGCTCCAGGGAAGGGGCTGGAGTGGGTCTCAGCTATTAGTGGTAGTGGTGGTAGCACATACTACGCAGACTCCGTGAAGGGCCGGTTCACCATCTCCAGAGACAATTCCAAGAACACGCTGTATCTGCAAATGAACAGCCTGAGAGCCGAGGACACGGCCGTATATTACTGTGCGAAAGATGGCGGCAGGTATTACGATTTTTGGAGTGGCTACTTTGACTACTGGGGCCAGGGAACCCTGGTCACCGTCTCCTCAGNNNNNNNNNNNNNNNNNNNNNNNNNNNNNNNNNNNNNNNNNNNNNNNNNNNNNNNNN,
-4889089688347175145,-248.174713134765625,NNNNNNGAGGTGCAGCTGTTGGAGTCTGGGGGAGGCTTGGTACAGCCTGGGGGGTCCCTGAGACTCTCCTGTGCAGCCTCTGGATTCACCTTTAGCAGCTATGCCATGAGCTGGGTCCGCCAGGCTCCAGGGAAGGGGCTGGAGTGGGTCTCAGCTATTAGTGGTAGTGGTGGTAGCACATACTACGCAGACTCCGTGAAGGGCCGGTTCACCATCTCCAGAGACAATTCCAAGAACACGCTGTATCTGCAAATGAACAGCCTGAGAGCCGAGGACACGGCCGTATATTACTGTGCGAAAGATGTCGGCAGGTATTACGATTTTTGGAGTGGCTACTTTGACTACTGGGGCCAGGGAACCCTGGTCACCGTCTCCTCAGNNNNNNNNNNNNNNNNNNNNNNNNNNNNNNNNNNNNNNNNNNNNNNNNNNNNNNNNN,
-4889089688347175145:-873544620832980959,-489.419586181640625,,
-4889089688347175145:-873544620832980959:5282141294685127711,-728.87799072265625,NNNNNNGAGGTGCAGCTGTTGGAGTCTGGGGGAGGCTTGGTACAGCCTGGGGGGTCCCTGAGACTCTCCTGTGCAGCCTCTGGATTCACCTTTAGCAGCTATGCCATGAGCTGGGTCCGCCAGGCTCCAGGGAAGGGGCTGGAGTGGGTCTCAGCTATTAGTGGTAGTGGTGGTAGCACATACTACGCAGACTCCGTGAAGGGCCGGTTCACCATCTCCAGAGACAATTCCAAGAACACGCTGTATCTGCAAATGAACAGCCTGAGAGCCGAGGACACGGCCGTATATTACTGTGCGAAAGATGGCGGCAGGGCTTACGATTTTTGGAGTGGCTACTTTGACTACTGGGGCCAGGGAACCCTGGTCACCGTCTCCTCAGNNNNNNNNNNNNNNNNNNNNNNNNNNNNNNNNNNNNNNNNNNNNNNNNNNNNNNNNN,
-4889089688347175145:-873544620832980959:5282141294685127711:2821127275628210980,-976.412109375,NNNNNNGAGGTGCAGCTGTTGGAGTCTGGGGGAGGCTTGGTACAGCCTGGGGGGTCCCTGAGACTCTCCTGTGCAGCCTCTGGATTCACCTTTAGCAGCTATGCCATGAGCTGGGTCCGCCAGGCTCCAGGGAAGGGGCTGGAGTGGGTCTCAGCTATTAGTGGTAGTGGTGGTAGCACATACTACGCAGACTCCGTGAAGGGCCGGTTCACCATCTCCAGAGACAATTCCAAGAACACGCTGTATCTGCAAATGAACAGCCTGAGAGCCGAGGACACGGCCGTATATTACTGTGCGAAAGATGGCGGCAGGGCTTACGATTTTTGGAGTGGTTACTTTGACTACTGGGGCCAGGGAACCCTGGTCACCGTCTCCTCAGNNNNNNNNNNNNNNNNNNNNNNNNNNNNNNNNNNNNNNNNNNNNNNNNNNNNNNNNN,
-4889089688347175145:-8770184440289780227,-524.41131591796875,,
-4889089688347175145:2621675304399470694,-482.802276611328125,,
-4889089688347175145:2821127275628210980,-497.03802490234375,,
-4889089688347175145:5282141294685127711,-491.91827392578125,,
-6348102706198339386,-273.116058349609375,NNNNNNGAGGTGCAGCTGTTGGAGTCTGGGGGAGGCTTGGTACAGCCTGGGGGGTCCCTGAGACTCTCCTGTGCAGCCTCTGGATTCACCTTTAGCAGCTATGCCATGAGCTGGGTCCGCCAGGCTCCAGGGAAGGGGCTGGAGTGGGTCTCAGCTATTAGTGGTAGTGGTGGTAGCACATACTACGCAGACTCCGTGAAGGGCCGGTTCACCATCTCCAGAGACAATTCCAAGAACACGCTGTATCTGCAAATGAACAGCCTGAGAGCCGAGGACACGGCCGTATATTACTGTGCGAAAGATAGCGGCAGCTATTACGATTTTTGGAGTGGCTACTTTGACTACTGGGGCCAGGGAACCCTGGTCACCGTCTCCTCAGNNNNNNNNNNNNNNNNNNNNNNNNNNNNNNNNNNNNNNNNNNNNNNNNNNNNNNNNN,
-6500252188378401441,-243.93524169921875,NNNNNNGAGGTGCAGCTGTTGGAGTCTGGGGGAGGCTTGGTACAGCCTGGGGGGTCCCTGAGACTCTCCTGTGCAGCCTCTGGATTCACCTTTAGCAGCTATGCCATGAGCTGGGTCCGCCAGGCTCCAGGGAAGGGGCTGGAGTGGGTCTCAGCTATTAGTGGTAGTGGTGGTAGCACATACTACGCAGACTCCGTGAAGGGCCGGTTCACCATCTCCAGAGACAATTCCAAGAACACGCTGTATCTGCAAATGAACAGCCTGAGAGCCGAGGACACGGCCGTATATTACTGTGCGAAAGACGTGTAAAGCGGGTATAGCAGCAGCTGGGACTACTTTGACTACTGGGGCCAGGGAACCCTGGTCACCGTCTCCTCAGNNNNNNNNNNNNNNNNNNNNNNNNNNNNNNNNNNNNNNNNNNNNNNNNNNNNNNNNN,
-873544620832980959,-273.30059814453125,NNNNNNGAGGTGCAGCTGTTGGAGTCTGGGGGAGGCTTGGTACAGCCTGGGGGGTCCCTGAGACTCTCCTGTGCAGCCTCTGGATTCACCTTTAGCAGCTATGCCATGAGCTGGGTCCGCCAGGCTCCAGGGAAGGGGCTGGAGTGGGTCTCAGCTATTAGTGGTAGTGGTGGTAGCACATACTACGCAGACTCCGTGAAGGGCCGGTTCACCATCTCCAGAGACAATTCCAAGAACACGCTGTATCTGCAAATGAACAGCCTGAGAGCCGAGGACACGGCCGTATATTACTGTGCGAAAGATGGCGGCAGGTATTACGATTTTTGGAGTGGTTACTTTGACTACTGGGGCCAGGGAACCCTGGTCACCGTCTCCTCAGNNNNNNNNNNNNNNNNNNNNNNNNNNNNNNNNNNNNNNNNNNNNNNNNNNNNNNNNN,
-873544620832980959:-8770184440289780227,-546.8671875,,
-873544620832980959:2621675304399470694,-506.588104248046875,,
-873544620832980959:2821127275628210980,-520.1494140625,,
-873544620832980959:5282141294685127711,-515.59088134765625,NNNNNNGAGGTGCAGCTGTTGGAGTCTGGGGGAGGCTTGGTACAGCCTGGGGGGTCCCTGAGACTCTCCTGTGCAGCCTCTGGATTCACCTTTAGCAGCTATGCCATGAGCTGGGTCCGCCAGGCTCCAGGGAAGGGGCTGGAGTGGGTCTCAGCTATTAGTGGTAGTGGTGGTAGCACATACTACGCAGACTCCGTGAAGGGCCGGTTCACCATCTCCAGAGACAATTCCAAGAACACGCTGTATCTGCAAATGAACAGCCTGAGAGCCGAGGACACGGCCGTATATTACTGTGCGAAAGATGGCGGCAGGTATTACGATTTTTGGAGTGGTTACTTTGACTACTGGGGCCAGGGAACCCTGGTCACCGTCTCCTCAGNNNNNNNNNNNNNNNNNNNNNNNNNNNNNNNNNNNNNNNNNNNNNNNNNNNNNNNNN,
-873544620832980959:5282141294685127711:-8770184440289780227,-787.85943603515625,,
-873544620832980959:5282141294685127711:2621675304399470694,-749.1473388671875,,
-873544620832980959:5282141294685127711:2821127275628210980,-761.686767578125,,
-8770184440289780227,-303.55255126953125,NNNNNNGAGGTGCAGCTGTTGGAGTCTGGGGGAGGCTTGGTACAGCCTGGGGGGTCCCTGAGACTCTCCTGTGCAGCCTCTGGATTCACCTTTAGCAGCTATGCCATGAGCTGGGTCCGCCAGGCTCCAGGGAAGGGGCTGGAGTGGGTCTCAGCTATTAGTGGTAGTGGTGGTAGCACATACTACGCAGACTCCGTGAAGGGCCGGTTCACCATCTCCAGAGACAATTCCAAGAACACGCTGTATCTGCAAATGAACAGCCTGAGAGCCGAGGACACGGCCGTATATTACTGTGCGAAAGATGGCAGAAGATATTACGATTTTTGGAGTGGCTACTTTGACTACTGGGGCCAGGGAACCCTGGTCACCGTCTCCTCAGNNNNNNNNNNNNNNNNNNNNNNNNNNNNNNNNNNNNNNNNNNNNNNNNNNNNNNNNN,
-8770184440289780227:2621675304399470694,-538.108642578125,,
-8770184440289780227:2821127275628210980,-556.45428466796875,,
-8770184440289780227:5282141294685127711,-550.91259765625,,
-8770184440289780227:5815064660513871794,-550.627197265625,,
2621675304399470694,-261.66766357421875,NNNNNNGAGGTGCAGCTGTTGGAGTCTGGGGGAGGCTTGGTACAGCCTGGGGGGTCCCTGAGACTCTCCTGTGCAGCCTCTGGATTCACCTTTAGCAGCTATGCCATGAGCTGGGTCCGCCAGGCTCCAGGGAAGGGGCTGGAGTGGGTCTCAGCTATTAGTGGTAGTGGTGGTAGCACATACTACGCAGACTCCGTGAAGGGCCGGTTCACCATCTCCAGAGACAATTCCAAGAACACGCTGTATCTGCAAATGAACAGCCTGAGAGCCGAGGACACGGCCGTATATTACTGTGCGAAAGATAGCTGCTGGTATTACGATTTTTGGAGTGGCTACTTTGACTACTGGGGCCAGGGAACCCTGGTCACCGTCTCCTCAGNNNNNNNNNNNNNNNNNNNNNNNNNNNNNNNNNNNNNNNNNNNNNNNNNNNNNNNNN,
2621675304399470694:2821127275628210980,-518.6497802734375,,
2621675304399470694:5282141294685127711,-510.697967529296875,,
2621675304399470694:5815064660513871794,-514.141845703125,,
2821127275628210980,-280.91387939453125,NNNNNNGAGGTGCAGCTGTTGGAGTCTGGGGGAGGCTTGGTACAGCCTGGGGGGTCCCTGAGACTCTCCTGTGCAGCCTCTGGATTCACCTTTAGCAGCTATGCCATGAGCTGGGTCCGCCAGGCTCCAGGGAAGGGGCTGGAGTGGGTCTCAGCTATTAGTGGTAGTGGTGGTAGCACATACTACGCAGACTCCGTGAAGGGCCGGTTCACCATCTCCAGAGACAATTCCAAGAACACGCTGTATCTGCAAATGAACAGCCTGAGAGCCGAGGACACGGCCGTATATTACTGTGCGAAAGATGTCGGTAGGTATTACGATTTTTGGAGTGGTTACTTTGACTACTGGGGCCAGGGAACCCTGGTCACCGTCTCCTCAGNNNNNNNNNNNNNNNNNNNNNNNNNNNNNNNNNNNNNNNNNNNNNNNNNNNNNNNNN,
2821127275628210980:5282141294685127711,-527.5048828125,,
2821127275628210980:5815064660513871794,-529.338134765625,,
2847891479364752715,-277.45697021484375,NNNNNNGAGGTGCAGCTGTTGGAGTCTGGGGGAGGCTTGGTACAGCCTGGGGGGTCCCTGAGACTCTCCTGTGCAGCCTCTGGATTCACCTTTAGCAGCTATGCCATGAGCTGGGTCCGCCAGGCTCCAGGGAAGGGGCTGGAGTGGGTCTCAGCTATTAGTGGTAGTGGTGGTAGCACATACTACGCAGACTCCGTGAAGGGCCGGTTCACCATCTCCAGAGACAATTCCAAGAACACGCTGTATCTGCAAATGAACAGCCTGAGAGCCGAGGACACGGCCGTATATTACTGTGCGAAAGATAGCGGCAGCTATTACGATTTTTGGAGTGGCTACTTTGACTACTGGGGCCAGGGAACCCTGGTCACCGTCTCCTCAGNNNNNNNNNNNNNNNNNNNNNNNNNNNNNNNNNNNNNNNNNNNNNNNNNNNNNNNNN,
5282141294685127711,-277.92138671875,NNNNNNGAGGTGCAGCTGTTGGAGTCTGGGGGAGGCTTGGTACAGCCTGGGGGGTCCCTGAGACTCTCCTGTGCAGCCTCTGGATTCACCTTTAGCAGCTATGCCATGAGCTGGGTCCGCCAGGCTCCAGGGAAGGGGCTGGAGTGGGTCTCAGCTATTAGTGGTAGTGGTGGTAGCACATACTACGCAGACTCCGTGAAGGGCCGGTTCACCATCTCCAGAGACAATTCCAAGAACACGCTGTATCTGCAAATGAACAGCCTGAGAGCCGAGGACACGGCCGTATATTACTGTGCGAAAGATGGCGGCAGGTATTACGATTTTTGGAGTGGGTACTTTGACTACTGGGGCCAGGGAACCCTGGTCACCGTCTCCTCAGNNNNNNNNNNNNNNNNNNNNNNNNNNNNNNNNNNNNNNNNNNNNNNNNNNNNNNNNN,
5815064660513871794,-279.06695556640625,NNNNNNGAGGTGCAGCTGTTGGAGTCTGGGGGAGGCTTGGTACAGCCTGGGGGGTCCCTGAGACTCTCCTGTGCAGCCTCTGGATTCACCTTTAGCAGCTATGCCATGAGCTGGGTCCGCCAGGCTCCAGGGAAGGGGCTGGAGTGGGTCTCAGCTATTAGTGGTAGTGGTGGTAGCACATACTACGCAGACTCCGTGAAGGGCCGGTTCACCATCTCCAGAGACAATTCCAAGAACACGCTGTATCTGCAAATGAACAGCCTGAGAGCCGAGGACACGGCCGTATATTACTGTGCGAAAGATGGCGGCAGCTATTACGATTTTTGGAGTGGGTACTTTGACTACTGGGGCCAGGGAACCCTGGTCACCGTCTCCTCAGNNNNNNNNNNNNNNNNNNNNNNNNNNNNNNNNNNNNNNNNNNNNNNNNNNNNNNNNN,
8933672503090661391,-248.16058349609375,NNNNNNGAGGTGCAGCTGTTGGAGTCTGGGGGAGGCTTGGTACAGCCTGGGGGGTCCCTGAGACTCTCCTGTGCAGCCTCTGGATTCACCTTTAGCAGCTATGCCATGAGCTGGGTCCGCCAGGCTCCAGGGAAGGGGCTGGAGTGGGTCTCAGCTATTAGTGGTAGTGGTGGTAGCACATACTACGCAGACTCCGTGAAGGGCCGGTTCACCATCTCCAGAGACAATTCCAAGAACACGCTGTATCTGCAAATGAACAGCCTGAGAGCCGAGGACACGGCCGTATATTACTGTGCGAAACTCGTCTCAAGCGGGTATAGCAGCAGCTGGGACTACTTTGACTACTGGGGCCAGGGAACCCTGGTCACCGTCTCCTCAGNNNNNNNNNNNNNNNNNNNNNNNNNNNNNNNNNNNNNNNNNNNNNNNNNNNNNNNNN,
