"reference","position"
"IGHV1-18",1
"IGHV1-18",2
"IGHV1-18",3
"IGHV1-18",4
"IGHV1-18",5
"IGHV1-18",6
"IGHV1-18",7
"IGHV1-18",8
"IGHV1-18",9
"IGHV1-18",10
"IGHV1-18",11
"IGHV1-18",12
"IGHV1-18",18
"IGHV1-18",19
"IGHV1-18",19
"IGHV1-18",19
"IGHV1-18",20
"IGHV1-18",20
"IGHV1-18",20
"IGHV1-18",21
"IGHV1-18",21
"IGHV1-18",21
"IGHV1-18",22
"IGHV1-18",22
"IGHV1-18",22
"IGHV1-18",23
"IGHV1-18",23
"IGHV1-18",23
"IGHV1-18",24
"IGHV1-18",24
"IGHV1-18",24
"IGHV1-18",25
"IGHV1-18",25
"IGHV1-18",25
"IGHV1-18",26
"IGHV1-18",26
"IGHV1-18",26
"IGHV1-18",27
"IGHV1-18",27
"IGHV1-18",27
"IGHV1-18",28
"IGHV1-18",28
"IGHV1-18",28
"IGHV1-18",29
"IGHV1-18",29
"IGHV1-18",29
"IGHV1-18",30
"IGHV1-18",30
"IGHV1-18",31
"IGHV1-18",31
"IGHV1-18",32
"IGHV1-18",32
"IGHV1-18",33
"IGHV1-18",34
"IGHV1-18",34
"IGHV1-18",35
"IGHV1-18",35
"IGHV1-18",36
"IGHV1-18",36
"IGHV1-18",37
"IGHV1-18",37
